Prioridad,Producto,Familia / presentación,Color / acabado,Tipo de pendiente,Solicitud para Marketing,Estado en sitio
Alta,LAMBRIN,Lambrin Max 3,Brasillia,Sin equivalencia en Drive,Solicitar o localizar foto principal del acabado sobre fondo blanco.,Publicado con placeholder
Alta,LAMBRIN,Lambrin Max 3,Carob,Sin equivalencia en Drive,Solicitar o localizar foto principal del acabado sobre fondo blanco.,Publicado con placeholder
Alta,LAMBRIN,Lambrin Max 3,Nuez,Sin equivalencia en Drive,Solicitar o localizar foto principal del acabado sobre fondo blanco.,Publicado con placeholder
Alta,LAMBRIN,Lambrin Wavy Max,Brushed Black,Sin equivalencia en Drive,Solicitar o localizar foto principal del acabado sobre fondo blanco.,Publicado con placeholder
Alta,LAMBRIN,Lambrin Wavy Max,Nuez Fondo Negro,Sin equivalencia en Drive,Solicitar o localizar foto principal del acabado sobre fondo blanco.,Publicado con placeholder
Alta,LAMBRIN,Lambrin Wavy Max,Roble Esterlina,Sin equivalencia en Drive,Solicitar o localizar foto principal del acabado sobre fondo blanco.,Publicado con placeholder
Alta,LAMBRIN,Lambrín Premium 4,Nogal,Sin equivalencia en Drive,Solicitar o localizar foto principal del acabado sobre fondo blanco.,Publicado con placeholder
Alta,LAMBRIN ASA,Cepillado,Redwood,Sin equivalencia en Drive,Solicitar o localizar foto principal del acabado sobre fondo blanco.,Publicado con placeholder
Alta,PANEL REFORZADO SPC,General,Lino,Sin equivalencia en Drive,Solicitar o localizar foto principal del acabado sobre fondo blanco.,Publicado con placeholder
Alta,PLAFON PVC,3 METROS,Lino,Sin equivalencia en Drive,Solicitar o localizar foto principal del acabado sobre fondo blanco.,Publicado con placeholder
Alta,PLAFON PVC,3 METROS,Parota,Sin equivalencia en Drive,Solicitar o localizar foto principal del acabado sobre fondo blanco.,Publicado con placeholder
Alta,PLAFON PVC,6 METROS,Lino,Sin equivalencia en Drive,Solicitar o localizar foto principal del acabado sobre fondo blanco.,Publicado con placeholder
Alta,PLAFON PVC,6 METROS,Parota,Sin equivalencia en Drive,Solicitar o localizar foto principal del acabado sobre fondo blanco.,Publicado con placeholder
Alta,VIGA COEXTRUIDA,10*5,Redwood,Sin equivalencia en Drive,Solicitar o localizar foto principal del acabado sobre fondo blanco.,Publicado con placeholder
Alta,VIGA COEXTRUIDA,6*4,Redwood,Sin equivalencia en Drive,Solicitar o localizar foto principal del acabado sobre fondo blanco.,Publicado con placeholder
Alta,VIGAS WPC,General,Brasillia,Sin equivalencia en Drive,Solicitar o localizar foto principal del acabado sobre fondo blanco.,Publicado con placeholder
Alta,VIGAS WPC,General,Gold Rio,Sin equivalencia en Drive,Solicitar o localizar foto principal del acabado sobre fondo blanco.,Publicado con placeholder
Alta,VIGAS WPC,General,Parota,Sin equivalencia en Drive,Solicitar o localizar foto principal del acabado sobre fondo blanco.,Publicado con placeholder
Media,ACCESORIOS,Adhesivo Superbond,N/A,Sin imagen de accesorio,"Solicitar foto del accesorio/acabado sobre fondo blanco, identificando claramente el producto.",Publicado con placeholder
Media,ACCESORIOS,Angulo WPC,Barely Beige,Sin imagen de accesorio,"Solicitar foto del accesorio/acabado sobre fondo blanco, identificando claramente el producto.",Publicado con placeholder
Media,ACCESORIOS,Angulo WPC,Black And Gold,Sin imagen de accesorio,"Solicitar foto del accesorio/acabado sobre fondo blanco, identificando claramente el producto.",Publicado con placeholder
Media,ACCESORIOS,Angulo WPC,Brushed Black,Sin imagen de accesorio,"Solicitar foto del accesorio/acabado sobre fondo blanco, identificando claramente el producto.",Publicado con placeholder
Media,ACCESORIOS,Angulo WPC,Carob,Sin imagen de accesorio,"Solicitar foto del accesorio/acabado sobre fondo blanco, identificando claramente el producto.",Publicado con placeholder
Media,ACCESORIOS,Angulo WPC,Chocolate,Sin imagen de accesorio,"Solicitar foto del accesorio/acabado sobre fondo blanco, identificando claramente el producto.",Publicado con placeholder
Media,ACCESORIOS,Angulo WPC,Gold Rio,Sin imagen de accesorio,"Solicitar foto del accesorio/acabado sobre fondo blanco, identificando claramente el producto.",Publicado con placeholder
Media,ACCESORIOS,Angulo WPC,Lauren Black,Sin imagen de accesorio,"Solicitar foto del accesorio/acabado sobre fondo blanco, identificando claramente el producto.",Publicado con placeholder
Media,ACCESORIOS,Angulo WPC,Marmol Blanco,Sin imagen de accesorio,"Solicitar foto del accesorio/acabado sobre fondo blanco, identificando claramente el producto.",Publicado con placeholder
Media,ACCESORIOS,Angulo WPC,Nogal,Sin imagen de accesorio,"Solicitar foto del accesorio/acabado sobre fondo blanco, identificando claramente el producto.",Publicado con placeholder
Media,ACCESORIOS,Angulo WPC,Nogal Fondo Negro,Sin imagen de accesorio,"Solicitar foto del accesorio/acabado sobre fondo blanco, identificando claramente el producto.",Publicado con placeholder
Media,ACCESORIOS,Angulo WPC,Nuez,Sin imagen de accesorio,"Solicitar foto del accesorio/acabado sobre fondo blanco, identificando claramente el producto.",Publicado con placeholder
Media,ACCESORIOS,Angulo WPC,Nuez Dorada,Sin imagen de accesorio,"Solicitar foto del accesorio/acabado sobre fondo blanco, identificando claramente el producto.",Publicado con placeholder
Media,ACCESORIOS,Angulo WPC,Nuez Fondo Negro,Sin imagen de accesorio,"Solicitar foto del accesorio/acabado sobre fondo blanco, identificando claramente el producto.",Publicado con placeholder
Media,ACCESORIOS,Angulo WPC,Roble Dorado,Sin imagen de accesorio,"Solicitar foto del accesorio/acabado sobre fondo blanco, identificando claramente el producto.",Publicado con placeholder
Media,ACCESORIOS,Angulo WPC,Roble Esterlina,Sin imagen de accesorio,"Solicitar foto del accesorio/acabado sobre fondo blanco, identificando claramente el producto.",Publicado con placeholder
Media,ACCESORIOS,Angulo WPC,Roble Natural,Sin imagen de accesorio,"Solicitar foto del accesorio/acabado sobre fondo blanco, identificando claramente el producto.",Publicado con placeholder
Media,ACCESORIOS,Angulo WPC,Sirope,Sin imagen de accesorio,"Solicitar foto del accesorio/acabado sobre fondo blanco, identificando claramente el producto.",Publicado con placeholder
Media,ACCESORIOS,Angulo WPC,Tela Beige,Sin imagen de accesorio,"Solicitar foto del accesorio/acabado sobre fondo blanco, identificando claramente el producto.",Publicado con placeholder
Media,ACCESORIOS,Bolsa de Grapas (lambrin),Metalicas,Sin imagen de accesorio,"Solicitar foto del accesorio/acabado sobre fondo blanco, identificando claramente el producto.",Publicado con placeholder
Media,ACCESORIOS,Perfil de Remate,Avellana,Sin imagen de accesorio,"Solicitar foto del accesorio/acabado sobre fondo blanco, identificando claramente el producto.",Publicado con placeholder
Media,ACCESORIOS,Perfil de Remate,Bruma,Sin imagen de accesorio,"Solicitar foto del accesorio/acabado sobre fondo blanco, identificando claramente el producto.",Publicado con placeholder
Media,ACCESORIOS,Perfil de Remate,Caliza,Sin imagen de accesorio,"Solicitar foto del accesorio/acabado sobre fondo blanco, identificando claramente el producto.",Publicado con placeholder
Media,ACCESORIOS,Perfil de Remate,Caramelo,Sin imagen de accesorio,"Solicitar foto del accesorio/acabado sobre fondo blanco, identificando claramente el producto.",Publicado con placeholder
Media,ACCESORIOS,Perfil de Remate,Humo,Sin imagen de accesorio,"Solicitar foto del accesorio/acabado sobre fondo blanco, identificando claramente el producto.",Publicado con placeholder
Media,ACCESORIOS,Perfil de Remate,Luna,Sin imagen de accesorio,"Solicitar foto del accesorio/acabado sobre fondo blanco, identificando claramente el producto.",Publicado con placeholder
Media,ACCESORIOS,Perfil de Transición SPC,Avellana,Sin imagen de accesorio,"Solicitar foto del accesorio/acabado sobre fondo blanco, identificando claramente el producto.",Publicado con placeholder
Media,ACCESORIOS,Perfil de Transición SPC,Bruma,Sin imagen de accesorio,"Solicitar foto del accesorio/acabado sobre fondo blanco, identificando claramente el producto.",Publicado con placeholder
Media,ACCESORIOS,Perfil de Transición SPC,Caliza,Sin imagen de accesorio,"Solicitar foto del accesorio/acabado sobre fondo blanco, identificando claramente el producto.",Publicado con placeholder
Media,ACCESORIOS,Perfil de Transición SPC,Caramelo,Sin imagen de accesorio,"Solicitar foto del accesorio/acabado sobre fondo blanco, identificando claramente el producto.",Publicado con placeholder
Media,ACCESORIOS,Perfil de Transición SPC,Luna,Sin imagen de accesorio,"Solicitar foto del accesorio/acabado sobre fondo blanco, identificando claramente el producto.",Publicado con placeholder
Media,ACCESORIOS,Pistola Calafateadora,N/A,Sin imagen de accesorio,"Solicitar foto del accesorio/acabado sobre fondo blanco, identificando claramente el producto.",Publicado con placeholder
Media,ACCESORIOS,Soclo SPC,Avellana,Sin imagen de accesorio,"Solicitar foto del accesorio/acabado sobre fondo blanco, identificando claramente el producto.",Publicado con placeholder
Media,ACCESORIOS,Soclo SPC,Bruma,Sin imagen de accesorio,"Solicitar foto del accesorio/acabado sobre fondo blanco, identificando claramente el producto.",Publicado con placeholder
Media,ACCESORIOS,Soclo SPC,Caliza,Sin imagen de accesorio,"Solicitar foto del accesorio/acabado sobre fondo blanco, identificando claramente el producto.",Publicado con placeholder
Media,ACCESORIOS,Soclo SPC,Caramelo,Sin imagen de accesorio,"Solicitar foto del accesorio/acabado sobre fondo blanco, identificando claramente el producto.",Publicado con placeholder
Media,ACCESORIOS,Soclo SPC,Humo,Sin imagen de accesorio,"Solicitar foto del accesorio/acabado sobre fondo blanco, identificando claramente el producto.",Publicado con placeholder
Media,ACCESORIOS,Soclo SPC,Luna,Sin imagen de accesorio,"Solicitar foto del accesorio/acabado sobre fondo blanco, identificando claramente el producto.",Publicado con placeholder
Media,ACCESORIOS,Soporte Giratorio para viga WPC,N/A,Sin imagen de accesorio,"Solicitar foto del accesorio/acabado sobre fondo blanco, identificando claramente el producto.",Publicado con placeholder
Media,ANGULO ASA,6*4,Negro,Sin equivalencia en Drive,Solicitar o localizar foto principal del acabado sobre fondo blanco.,Publicado con placeholder
Media,ANGULO ASA,6*4,Nuez,Sin equivalencia en Drive,Solicitar o localizar foto principal del acabado sobre fondo blanco.,Publicado con placeholder
Media,ANGULO ASA,6*4,Redwood,Sin equivalencia en Drive,Solicitar o localizar foto principal del acabado sobre fondo blanco.,Publicado con placeholder
Media,ANGULO ASA,6*4,Teca,Sin equivalencia en Drive,Solicitar o localizar foto principal del acabado sobre fondo blanco.,Publicado con placeholder
Media,ANGULO COEXTRUIDO,5*5,Maple,Sin equivalencia en Drive,Solicitar o localizar foto principal del acabado sobre fondo blanco.,Publicado con placeholder
Media,ANGULO COEXTRUIDO,5*5,Nuez,Sin equivalencia en Drive,Solicitar o localizar foto principal del acabado sobre fondo blanco.,Publicado con placeholder
Media,ANGULO COEXTRUIDO,5*5,Redwood,Sin equivalencia en Drive,Solicitar o localizar foto principal del acabado sobre fondo blanco.,Publicado con placeholder
Media,ANGULO COEXTRUIDO,5*5,Teca,Sin equivalencia en Drive,Solicitar o localizar foto principal del acabado sobre fondo blanco.,Publicado con placeholder
Media,DECK COEXTRUIDO,Residencial,Nuez/Redwood,Validar imagen de combinación,Solicitar foto específica de la combinación completa; actualmente solo hay fotos de los colores componentes por separado.,Publicado; requiere validación de imagen
Media,DECK COEXTRUIDO,Residencial,Teca/Maple,Validar imagen de combinación,Solicitar foto específica de la combinación completa; actualmente solo hay fotos de los colores componentes por separado.,Publicado; requiere validación de imagen
Media,GRAPA DECK,N/A,Metalico,Sin equivalencia en Drive,Solicitar o localizar foto principal del acabado sobre fondo blanco.,Publicado con placeholder
Media,QUILLA WPC,40*25,Negro,Sin equivalencia en Drive,Solicitar o localizar foto principal del acabado sobre fondo blanco.,Publicado con placeholder
